{
  "config": {
    "baseline": "Character 1D-CNN",
    "epochs": 3,
    "batch_size": 32,
    "device": "cuda"
  },
  "dataset": {
    "train_samples": 149344,
    "train_normal": 89607,
    "train_sqli": 59737,
    "val_samples": 37337,
    "val_normal": 22402,
    "val_sqli": 14935,
    "test_samples": 112753,
    "test_normal": 68640,
    "test_sqli": 44113
  },
  "metrics": {
    "accuracy": 0.9844083971158195,
    "precision": 0.9962507322788517,
    "recall": 0.9637748509509668,
    "f1": 0.9797437433746601,
    "train_eval_seconds": 69.41553279999061
  }
}